frame,finger,x,y,raw_depth,corrected_depth,surface_depth,distance_mm
1,h0_f8,308,199,0.26366686820983887,0.25877788348081776,0.37,111.22211651918224
2,h0_f8,309,197,0.2687402367591858,0.26375718021321304,0.37,106.24281978678695
3,h0_f8,332,189,0.28226980566978455,0.2770358800774153,0.37,92.96411992258469
4,h0_f8,332,225,0.25402265787124634,0.24931249878455558,0.37,120.68750121544441
5,h0_f8,345,211,0.3292458951473236,0.32314092578049713,0.37,46.85907421950286
6,h0_f8,349,202,0.3414958119392395,0.33516370119308814,0.37,34.836298806911856
7,h0_f8,335,198,0.25963473320007324,0.25482051344483114,0.37,115.17948655516885
8,h0_f8,340,190,0.2865523397922516,0.2812390062558035,0.37,88.7609937441965
9,h0_f8,329,190,0.24755804240703583,0.24296775202625454,0.37,127.03224797374546
10,h0_f8,352,218,0.292108952999115,0.28669258718827506,0.37,83.30741281172493
11,h0_f8,343,232,0.24584583938121796,0.24128729714726696,0.37,128.71270285273303
12,h0_f8,335,212,0.24171656370162964,0.23723458765089495,0.37,132.76541234910505
13,h0_f8,333,205,0.2547805607318878,0.2500563483986253,0.37,119.94365160137471
14,h0_f8,336,213,0.25151339173316956,0.24684976016020624,0.37,123.15023983979376
15,h0_f8,317,200,0.24291525781154633,0.2384110552397552,0.37,131.5889447602448
16,h0_f8,310,210,0.24439270794391632,0.2398611100790264,0.37,130.13888992097358
17,h0_f8,327,225,0.2493923157453537,0.24476801375590587,0.37,125.23198624409412
18,h0_f8,341,216,0.28800132870674133,0.2826611276130474,0.37,87.33887238695259
19,h0_f8,328,224,0.24750028550624847,0.2429110660700567,0.37,127.08893392994331
20,h0_f8,328,210,0.2507772743701935,0.24612729209101816,0.37,123.87270790898184
21,h0_f8,337,209,0.2579488754272461,0.2531659153177934,0.37,116.83408468220658
22,h0_f8,344,199,0.2837516963481903,0.27849029312487716,0.37,91.50970687512283
23,h0_f8,336,194,0.2574610412120819,0.2526871266609295,0.37,117.31287333907048
24,h0_f8,335,191,0.25580063462257385,0.25105750779425967,0.37,118.94249220574032
25,h0_f8,329,191,0.23291946947574615,0.22860061160372733,0.37,141.39938839627266
26,h0_f8,329,203,0.23358577489852905,0.22925456220522014,0.37,140.74543779477986
27,h0_f8,332,182,0.255329430103302,0.2505950404808211,0.37,119.4049595191789
28,h0_f8,326,173,0.25758376717567444,0.25280757700542006,0.37,117.19242299457994
29,h0_f8,335,187,0.2693946063518524,0.264399416302086,0.37,105.60058369791398
30,h0_f8,337,172,0.29816582798957825,0.2926371539106005,0.37,77.36284608939947
31,h0_f8,335,165,0.27132391929626465,0.266292955386905,0.37,103.707044613095
32,h0_f8,343,168,0.28989356756210327,0.28451828004693236,0.37,85.48171995306764
33,h0_f8,363,193,0.3447166681289673,0.3383248353675591,0.37,31.67516463244091
34,h0_f8,376,178,0.3470848500728607,0.34064910582026725,0.37,29.350894179732745
35,h0_f8,348,174,0.31819599866867065,0.3122959195692797,0.37,57.70408043072028
36,h0_f8,344,178,0.2923494279384613,0.2869286031741163,0.37,83.07139682588371
37,h0_f8,328,165,0.2595069408416748,0.2546950906480425,0.37,115.30490935195748
38,h0_f8,320,165,0.2624865770339966,0.25761947759368725,0.37,112.38052240631275
39,h0_f8,323,161,0.30218425393104553,0.296581069075663,0.37,73.41893092433699
40,h0_f8,314,163,0.29318010807037354,0.28774388060296163,0.37,82.25611939703836
41,h0_f8,309,174,0.26411107182502747,0.2592138505484797,0.37,110.78614945152032
41,h1_f8,311,164,0.28153806924819946,0.27631771171697905,0.37,93.68228828302094
42,h0_f8,313,161,0.2882571518421173,0.2829122072043798,0.37,87.08779279562017
43,h0_f8,311,164,0.29064714908599854,0.28525788845168903,0.37,84.74211154831096
43,h1_f8,307,167,0.28446701169013977,0.2791923448899238,0.37,90.80765511007621
44,h0_f8,309,163,0.2946517765522003,0.28918826099666917,0.37,80.81173900333083
45,h0_f8,309,162,0.28711000084877014,0.2817863270052224,0.37,88.21367299477761
46,h0_f8,311,157,0.30639299750328064,0.30071177294881596,0.37,69.28822705118404
46,h1_f8,298,163,0.3085578680038452,0.30283650181577515,0.37,67.16349818422485
47,h0_f8,313,164,0.28027987480163574,0.2750828470633361,0.37,94.91715293666391
48,h0_f8,293,165,0.3451160490512848,0.33871681085724287,0.37,31.283189142757127
48,h1_f8,309,160,0.2932462692260742,0.28780881498003036,0.37,82.19118501996964
49,h0_f8,308,163,0.27583205699920654,0.2707175019411537,0.37,99.28249805884631
50,h0_f8,308,163,0.27583205699920654,0.2707175019411537,0.37,99.28249805884631
51,h0_f8,308,160,0.2832213044166565,0.27796973586870954,0.37,92.03026413129045
52,h0_f8,305,162,0.279511034488678,0.2743282628022464,0.37,95.67173719775357
53,h0_f8,296,207,0.2521038353443146,0.24742925560096551,0.37,122.57074439903448
53,h1_f8,307,162,0.2822380065917969,0.27700467062681516,0.37,92.99532937318483
54,h0_f8,298,161,0.300956666469574,0.29537624388384415,0.37,74.62375611615585
55,h0_f8,297,164,0.2777271568775177,0.27257746234810104,0.37,97.42253765189895
55,h1_f8,282,166,0.35060080885887146,0.34409987071624026,0.37,25.900129283759732
56,h0_f8,296,164,0.27925118803977966,0.274073234498795,0.37,95.926765501205
57,h0_f8,295,165,0.2708423435688019,0.2658203091711151,0.37,104.1796908288849
58,h0_f8,276,160,0.35209977626800537,0.3455710438529185,0.37,24.428956147081514
58,h1_f8,285,163,0.3095407485961914,0.3038011575615979,0.37,66.19884243840207
59,h0_f8,278,163,0.2770615816116333,0.27192422836473357,0.37,98.07577163526643
60,h0_f8,275,160,0.29300665855407715,0.2875736472360517,0.37,82.42635276394827
61,h0_f8,262,158,0.2739555537700653,0.26887579335911205,0.37,101.12420664088795
62,h0_f8,259,154,0.2823682129383087,0.27713246265087516,0.37,92.86753734912485
63,h0_f8,256,151,0.29977867007255554,0.2942200902251074,0.37,75.77990977489257
63,h1_f8,251,171,0.2704331576824188,0.2654187105237486,0.37,104.5812894762514
64,h0_f8,253,149,0.33038362860679626,0.324257563068324,0.37,45.74243693167601
65,h0_f8,253,149,0.27780014276504517,0.27264909491091244,0.37,97.35090508908756
66,h0_f8,258,151,0.27074143290519714,0.2657212696212256,0.37,104.27873037877438
67,h0_f8,254,149,0.27779901027679443,0.27264798342157526,0.37,97.35201657842474
67,h1_f8,256,174,0.2503372132778168,0.24569539073435293,0.37,124.30460926564707
68,h0_f8,258,151,0.26234573125839233,0.2574812434198013,0.37,112.51875658019873
69,h0_f8,262,150,0.30670681595802307,0.30101977249410145,0.37,68.98022750589855
70,h0_f8,259,148,0.3137373924255371,0.3079199860486744,0.37,62.08001395132562
70,h1_f8,252,171,0.2821909487247467,0.27695848531988204,0.37,93.04151468011796
71,h0_f8,260,149,0.31299030780792236,0.307186754082747,0.37,62.81324591725301
72,h0_f8,255,150,0.3121773898601532,0.30638890948666425,0.37,63.611090513335746
73,h0_f8,259,151,0.3131757974624634,0.3073688043362946,0.37,62.6311956637054
74,h0_f8,255,151,0.313583105802536,0.30776856025133886,0.37,62.23143974866113
75,h0_f8,259,149,0.3199765980243683,0.31404350255429103,0.37,55.95649744570896
76,h0_f8,258,149,0.32057979702949524,0.31463551687495367,0.37,55.36448312504633
77,h0_f8,257,149,0.31467220187187195,0.30883746199710443,0.37,61.16253800289556
78,h0_f8,261,150,0.30807211995124817,0.3023597606392692,0.37,67.64023936073077
78,h1_f8,256,146,0.32112210988998413,0.3151677740188814,0.37,54.83222598111859
79,h0_f8,258,148,0.3179912269115448,0.31209494474728006,0.37,57.90505525271994
80,h0_f8,261,148,0.31656143069267273,0.31069166020933,0.37,59.30833979067002
81,h0_f8,259,150,0.311976820230484,0.30619205887510004,0.37,63.807941124899955
82,h0_f8,256,148,0.31830668449401855,0.3124045530271325,0.37,57.59544697286751
83,h0_f8,261,150,0.31334641575813293,0.3075362589798615,0.37,62.46374102013852
84,h0_f8,258,150,0.3151973783969879,0.30935290055237696,0.37,60.647099447623035
85,h0_f8,258,147,0.3241628110408783,0.31815209363957736,0.37,51.847906360422634
86,h0_f8,258,151,0.3136245608329773,0.3078092466110247,0.37,62.19075338897528
87,h0_f8,261,151,0.3037659823894501,0.29813346868311597,0.37,71.86653131688404
88,h0_f8,256,151,0.30781981348991394,0.30211213251482605,0.37,67.88786748517394
89,h0_f8,259,149,0.3202144503593445,0.314276944564825,0.37,55.72305543517497
90,h0_f8,258,150,0.3186493217945099,0.3127408370510781,0.37,57.25916294892192
91,h0_f8,257,151,0.2979612350463867,0.29243635458691725,0.37,77.56364541308275
92,h0_f8,261,151,0.2930299639701843,0.28759652051662277,0.37,82.40347948337723
93,h0_f8,262,150,0.284336119890213,0.2790638801223176,0.37,90.93611987768242
94,h0_f8,265,162,0.24726837873458862,0.24268345937854305,0.37,127.31654062145695
95,h0_f8,270,169,0.2545037269592285,0.24978464775511564,0.37,120.21535224488436
95,h1_f8,268,158,0.2618224620819092,0.25696767684657035,0.37,113.03232315342964
96,h0_f8,267,161,0.25830674171447754,0.25351714594835256,0.37,116.48285405164744
97,h0_f8,266,159,0.25670233368873596,0.25194248730443597,0.37,118.05751269556403
97,h1_f8,269,158,0.25527679920196533,0.2505433854763601,0.37,119.45661452363987
98,h0_f8,266,164,0.2501988708972931,0.24555961353689662,0.37,124.44038646310338
99,h0_f8,261,161,0.2632516920566559,0.2583704056398518,0.37,111.62959436014819
99,h1_f8,265,164,0.2465890645980835,0.24201674127453202,0.37,127.98325872546798
100,h0_f8,266,163,0.2473691701889038,0.24278238192955495,0.37,127.21761807044504
101,h0_f8,270,167,0.2359103411436081,0.23153602569358595,0.37,138.46397430641406
101,h1_f8,261,172,0.23965805768966675,0.23521425103247556,0.37,134.78574896752443
102,h0_f8,284,168,0.23836980760097504,0.23394988803681732,0.37,136.05011196318267
103,h0_f8,287,165,0.2589755952358246,0.2541735974008541,0.37,115.8264025991459
104,h0_f8,283,160,0.29147881269454956,0.28607413112127456,0.37,83.92586887872544
104,h1_f8,296,167,0.24939219653606415,0.24476789675702826,0.37,125.23210324297173
105,h0_f8,297,162,0.2758055627346039,0.2706914989406068,0.37,99.30850105939321
106,h0_f8,295,164,0.2693931758403778,0.2643980123155548,0.37,105.60198768444518
106,h1_f8,299,161,0.27763035893440247,0.2724824592594888,0.37,97.51754074051122
107,h0_f8,303,160,0.2704560160636902,0.26544114505852867,0.37,104.55885494147132
108,h0_f8,304,162,0.2649267613887787,0.2600144153684666,0.37,109.98558463153341
108,h1_f8,296,167,0.2609560787677765,0.25611735825388343,0.37,113.88264174611656
109,h0_f8,312,156,0.27053114771842957,0.2655148836011369,0.37,104.4851163988631
110,h0_f8,324,159,0.2611490786075592,0.25630677943672,0.37,113.69322056328002
110,h1_f8,315,160,0.2562565505504608,0.2515049700016459,0.37,118.4950299983541
111,h0_f8,319,156,0.26149317622184753,0.25664449669691614,0.37,113.35550330308386
112,h0_f8,317,161,0.2564747631549835,0.2517191364470951,0.37,118.2808635529049
113,h0_f8,321,218,0.23550161719322205,0.23113488041687016,0.37,138.86511958312983
113,h1_f8,325,163,0.26466673612594604,0.25975921156669873,0.37,110.24078843330126
114,h0_f8,318,163,0.26586711406707764,0.2609373317647051,0.37,109.06266823529486
115,h0_f8,317,162,0.26682257652282715,0.26187507776867963,0.37,108.12492223132037
115,h1_f8,299,178,0.2678847014904022,0.26291750851838785,0.37,107.08249148161214
116,h0_f8,311,161,0.27800294756889343,0.2728481392514317,0.37,97.1518607485683
117,h0_f8,309,190,0.2587798833847046,0.25398151449355216,0.37,116.01848550644783
117,h1_f8,310,162,0.2739001512527466,0.2688214181307469,0.37,101.17858186925311
118,h0_f8,309,161,0.27559560537338257,0.27048543466743147,0.37,99.51456533256852
119,h0_f8,309,161,0.2740725576877594,0.2689906277574778,0.37,101.0093722425222
120,h0_f8,307,154,0.2905552387237549,0.2851676823170584,0.37,84.83231768294158
120,h1_f8,300,149,0.3251327872276306,0.3191040842568998,0.37,50.895915743100204
121,h0_f8,302,151,0.27123919129371643,0.26620979843464987,0.37,103.79020156535013
122,h0_f8,302,146,0.2885092794895172,0.28315965983050656,0.37,86.84034016949343
123,h0_f8,307,151,0.30046549439430237,0.29489417925840733,0.37,75.10582074159267
124,h0_f8,306,145,0.3083013892173767,0.3025847787306159,0.37,67.41522126938409
125,h0_f8,303,146,0.3042766749858856,0.29863469187475994,0.37,71.36530812524006
125,h1_f8,301,151,0.30366432666778564,0.2980336978902414,0.37,71.96630210975857
126,h0_f8,304,146,0.3034950792789459,0.297867588733767,0.37,72.13241126623299
127,h0_f8,308,146,0.29843056201934814,0.29289697916803364,0.37,77.10302083196635
128,h0_f8,304,147,0.2980281114578247,0.2925019909572516,0.37,77.4980090427484
129,h0_f8,304,169,0.2796098291873932,0.2744252256220585,0.37,95.57477437794148
129,h1_f8,307,150,0.2877562940120697,0.28242063642013787,0.37,87.57936357986212
130,h0_f8,305,147,0.2937491536140442,0.28830237474519144,0.37,81.69762525480856
131,h0_f8,305,149,0.2941329777240753,0.2886790818813483,0.37,81.32091811865172
132,h0_f8,305,145,0.3004318177700043,0.29486112707548495,0.37,75.13887292451504
133,h0_f8,305,145,0.30555057525634766,0.2998849711305269,0.37,70.11502886947308
134,h0_f8,302,151,0.2945391535758972,0.2890777263070553,0.37,80.92227369294469
134,h1_f8,304,162,0.28531548380851746,0.2800250844012511,0.37,89.97491559874888
135,h0_f8,304,146,0.3030548691749573,0.29743554112850473,0.37,72.56445887149526
136,h0_f8,308,146,0.30237215757369995,0.29676548855648205,0.37,73.23451144351795
136,h1_f8,298,153,0.2963477671146393,0.290852804028303,0.37,79.147195971697
137,h0_f8,304,147,0.29634302854537964,0.2908481533229183,0.37,79.15184667708169
138,h0_f8,305,146,0.29971247911453247,0.29415512659831927,0.37,75.84487340168073
139,h0_f8,306,146,0.3093010485172272,0.30356590206846107,0.37,66.43409793153893
139,h1_f8,308,156,0.2946214973926544,0.28915854328175844,0.37,80.84145671824156
140,h0_f8,303,148,0.30751150846481323,0.3018095441676297,0.37,68.19045583237032
141,h0_f8,302,148,0.3129942715167999,0.3071906442954272,0.37,62.8093557045728
141,h1_f8,301,152,0.31049129366874695,0.30473407736187136,0.37,65.26592263812864
142,h0_f8,307,145,0.31514501571655273,0.3093015087953906,0.37,60.698491204609404
143,h0_f8,309,146,0.2755822539329529,0.27047233079314015,0.37,99.52766920685985
143,h1_f8,307,162,0.2656521499156952,0.2607263535386706,0.37,109.27364646132942
144,h0_f8,336,151,0.31165894865989685,0.3058800813679762,0.37,64.11991863202383
145,h0_f8,340,150,0.27469584345817566,0.2696023563890162,0.37,100.3976436109838
146,h0_f8,345,156,0.2574918866157532,0.2527174001205088,0.37,117.28259987949119
147,h0_f8,348,169,0.24807359278202057,0.24347374292216079,0.37,126.5262570778392
147,h1_f8,350,158,0.25028762221336365,0.2456467192012708,0.37,124.3532807987292
148,h0_f8,365,175,0.24739426374435425,0.24280701019329004,0.37,127.19298980670996
148,h1_f8,362,168,0.24934062361717224,0.244717280117606,0.37,125.282719882394
149,h0_f8,372,172,0.25321605801582336,0.24852085512898572,0.37,121.47914487101427
150,h0_f8,372,172,0.25321605801582336,0.24852085512898572,0.37,121.47914487101427
151,h0_f8,355,187,0.2505539655685425,0.24590812394355152,0.37,124.09187605644847
151,h1_f8,370,170,0.2630245089530945,0.2581474350288631,0.37,111.85256497113689
152,h0_f8,378,174,0.2527841329574585,0.24809693894571677,0.37,121.90306105428323
153,h0_f8,375,173,0.24523264169692993,0.24068546954574552,0.37,129.31453045425448
154,h0_f8,388,176,0.25399476289749146,0.24928512104719686,0.37,120.71487895280313
155,h0_f8,387,173,0.25484499335289,0.2501195862919688,0.37,119.88041370803121
156,h0_f8,386,172,0.2560109496116638,0.2512639230640678,0.37,118.73607693593219
157,h0_f8,389,173,0.25976476073265076,0.25494812997057476,0.37,115.05187002942525
158,h0_f8,374,162,0.29294976592063904,0.28751780952171646,0.37,82.48219047828354
159,h0_f8,375,159,0.2497214823961258,0.24509107690668247,0.37,124.90892309331753
160,h0_f8,371,152,0.270277202129364,0.2652656467421267,0.37,104.73435325787328
160,h1_f8,372,155,0.2543456554412842,0.24962950724341632,0.37,120.37049275658369
161,h0_f8,373,153,0.24280761182308197,0.23830540525328123,0.37,131.69459474671876
162,h0_f8,374,143,0.2795196771621704,0.27433674522087254,0.37,95.66325477912746
163,h0_f8,369,143,0.27599915862083435,0.2708815051178313,0.37,99.11849488216868
164,h0_f8,371,145,0.27192366123199463,0.2668815767401172,0.37,103.1184232598828
164,h1_f8,363,136,0.3254985809326172,0.3194630953128194,0.37,50.53690468718058
165,h0_f8,373,144,0.2903271019458771,0.2849437757150489,0.37,85.05622428495107
166,h0_f8,369,146,0.2920245826244354,0.28660978123265274,0.37,83.39021876734726
167,h0_f8,370,146,0.2705618441104889,0.26554501081211923,0.37,104.45498918788077
168,h0_f8,370,138,0.29164886474609375,0.2862410300201728,0.37,83.75896997982719
169,h0_f8,370,144,0.28410792350769043,0.27883991502086924,0.37,91.16008497913074
170,h0_f8,370,141,0.28801602125167847,0.28267554772471176,0.37,87.32445227528824
170,h1_f8,347,185,0.33662039041519165,0.33037868109694984,0.37,39.62131890305015
171,h0_f8,370,147,0.27752068638801575,0.2723748202920956,0.37,97.62517970790441
172,h0_f8,369,144,0.28285911679267883,0.2776142640288374,0.37,92.38573597116262
173,h0_f8,369,144,0.28036922216415405,0.27517053772209826,0.37,94.82946227790173
174,h0_f8,369,149,0.2771400511264801,0.2720012428759146,0.37,97.9987571240854
174,h1_f8,359,150,0.28886404633522034,0.28350784849024807,0.37,86.49215150975192
175,h0_f8,371,143,0.27763551473617554,0.27248751946094507,0.37,97.51248053905492
176,h0_f8,371,142,0.27957063913345337,0.2743867622410471,0.37,95.61323775895292
176,h1_f8,368,159,0.2744619846343994,0.26937283384088184,0.37,100.62716615911815
177,h0_f8,370,145,0.26768842339515686,0.2627248698664173,0.37,107.27513013358269
177,h1_f8,364,135,0.315940797328949,0.31008253480281817,0.37,59.917465197181826
178,h0_f8,370,146,0.2671006917953491,0.26214803615012344,0.37,107.85196384987655
179,h0_f8,368,144,0.2797580063343048,0.2745706552269169,0.37,95.42934477308307
180,h0_f8,370,142,0.2786593437194824,0.27349236432122387,0.37,96.50763567877613
181,h0_f8,370,145,0.26701536774635315,0.2620642942034803,0.37,107.93570579651967
182,h0_f8,366,144,0.27335691452026367,0.2682882542455177,0.37,101.71174575448228
183,h0_f8,366,143,0.2907043695449829,0.28531404791293763,0.37,84.68595208706236
184,h0_f8,380,149,0.274512380361557,0.26942229511638777,0.37,100.57770488361223
185,h0_f8,382,147,0.27261945605278015,0.2675644699389566,0.37,102.4355300610434
186,h0_f8,389,153,0.25913217663764954,0.25432727542658345,0.37,115.67272457341655
187,h0_f8,391,156,0.2652985155582428,0.2603792763682663,0.37,109.6207236317337
188,h0_f8,411,172,0.2709052860736847,0.2658820845784886,0.37,104.11791542151138
189,h0_f8,418,171,0.2500135004520416,0.2453776802822266,0.37,124.62231971777341
190,h0_f8,420,171,0.25197097659111023,0.24729886035187887,0.37,122.70113964812113
191,h0_f8,430,176,0.24160386621952057,0.2371239798369826,0.37,132.8760201630174
192,h0_f8,436,175,0.24397020041942596,0.23944643680708796,0.37,130.55356319291204
193,h0_f8,440,181,0.2422885298728943,0.23779594826562603,0.37,132.20405173437396
194,h0_f8,437,176,0.2530047595500946,0.2483134746184374,0.37,121.6865253815626
195,h0_f8,440,175,0.24611914157867432,0.24155553169902766,0.37,128.44446830097235
196,h0_f8,442,173,0.2467142790555954,0.2421396339705925,0.37,127.8603660294075
197,h0_f8,445,158,0.2732325792312622,0.26816622441617954,0.37,101.83377558382045
198,h0_f8,442,155,0.27976128458976746,0.274573872696051,0.37,95.426127303949
199,h0_f8,447,152,0.268923282623291,0.26393683198976986,0.37,106.06316801023013
200,h0_f8,428,138,0.3516792953014374,0.3451583595618993,0.37,24.841640438100722
201,h0_f8,428,142,0.2725364565849304,0.2674830094704267,0.37,102.5169905295733
202,h0_f8,433,143,0.27918973565101624,0.2740129215773915,0.37,95.9870784226085
203,h0_f8,431,146,0.2637190818786621,0.2588291289892072,0.37,111.17087101079281
203,h1_f8,418,128,0.3417935073375702,0.335455876640178,0.37,34.54412335982199
204,h0_f8,424,142,0.2656202018260956,0.2606949978394734,0.37,109.30500216052657
205,h0_f8,430,139,0.29004812240600586,0.28466996909174247,0.37,85.33003090825753
205,h1_f8,425,131,0.32381802797317505,0.317813703635835,0.37,52.186296364164996
206,h0_f8,426,135,0.29866307973861694,0.29312518547879496,0.37,76.87481452120504
207,h0_f8,430,144,0.2811116874217987,0.2758992359815186,0.37,94.10076401848139
208,h0_f8,427,137,0.2890903949737549,0.28373000010909355,0.37,86.26999989090645
209,h0_f8,433,144,0.2655164301395416,0.26059315031652147,0.37,109.40684968347853
210,h0_f8,429,141,0.2682509422302246,0.2632769583200985,0.37,106.72304167990148
211,h0_f8,433,141,0.29377123713493347,0.2883240487872671,0.37,81.67595121273291
212,h0_f8,431,144,0.28632721304893494,0.2810180538754534,0.37,88.98194612454657
213,h0_f8,430,141,0.27604058384895325,0.27092216222779775,0.37,99.07783777220224
214,h0_f8,428,141,0.27576228976249695,0.2706490283480375,0.37,99.3509716519625
215,h0_f8,432,146,0.27354156970977783,0.2684694855069221,0.37,101.53051449307787
216,h0_f8,434,142,0.2780790627002716,0.2729228430347801,0.37,97.0771569652199
217,h0_f8,434,140,0.30040183663368225,0.29483170185776825,0.37,75.16829814223175
218,h0_f8,433,147,0.2876744270324707,0.2823402874409452,0.37,87.65971255905481
219,h0_f8,433,140,0.2770496606826782,0.27191252847697345,0.37,98.08747152302655
220,h0_f8,437,143,0.273538738489151,0.2684667067835791,0.37,101.5332932164209
221,h0_f8,435,147,0.2611333131790161,0.2562913063351572,0.37,113.70869366484283
222,h0_f8,438,144,0.2621689438819885,0.25730773408431856,0.37,112.69226591568143
223,h0_f8,438,142,0.2773036062717438,0.27216176533598363,0.37,97.83823466401637
224,h0_f8,442,153,0.25593289732933044,0.25118731804895833,0.37,118.81268195104167
225,h0_f8,445,154,0.2580888569355011,0.25330330124981676,0.37,116.69669875018323
226,h0_f8,446,155,0.25545042753219604,0.2507137943415864,0.37,119.28620565841358
227,h0_f8,446,156,0.2736812233924866,0.26860654969203207,0.37,101.39345030796792
228,h0_f8,450,161,0.2638014853000641,0.25891000446334905,0.37,111.08999553665095
229,h0_f8,453,159,0.26470646262168884,0.2597982014426594,0.37,110.20179855734058
230,h0_f8,474,168,0.2493145614862442,0.24469170123799042,0.37,125.30829876200958
231,h0_f8,471,169,0.28322234749794006,0.27797075960888856,0.37,92.02924039111143
232,h0_f8,480,166,0.2911718487739563,0.28577285901145116,0.37,84.22714098854883
233,h0_f8,485,171,0.2563508152961731,0.2515974868641091,0.37,118.4025131358909
234,h0_f8,504,172,0.2720433175563812,0.2669990143635095,0.37,103.00098563649051
235,h0_f8,504,177,0.26333317160606384,0.2584503743726923,0.37,111.54962562730769
236,h0_f8,507,172,0.2740964889526367,0.26901411528215624,0.37,100.98588471784376
237,h0_f8,504,168,0.2526921331882477,0.24800664506192796,0.37,121.99335493807203
238,h0_f8,506,163,0.2623797655105591,0.25751464659935647,0.37,112.48535340064353
239,h0_f8,501,160,0.24601565301418304,0.24145396204841002,0.37,128.54603795158997
240,h0_f8,493,142,0.345016747713089,0.33861935079220096,0.37,31.38064920779904
241,h0_f8,493,144,0.26246246695518494,0.25759581457069236,0.37,112.40418542930763
242,h0_f8,484,141,0.29544270038604736,0.2899645192998344,0.37,80.03548070016558
243,h0_f8,483,140,0.3117140233516693,0.30593413484942794,0.37,64.06586515057205
244,h0_f8,484,142,0.3086284101009369,0.3029057359015957,0.37,67.0942640984043
245,h0_f8,478,147,0.2987386882305145,0.2931993920169136,0.37,76.80060798308641
246,h0_f8,486,145,0.29153934121131897,0.2861335373013766,0.37,83.86646269862341
247,h0_f8,482,139,0.302796334028244,0.2971817998127069,0.37,72.81820018729307
248,h0_f8,479,140,0.30240902304649353,0.2968016704593803,0.37,73.19832954061972
249,h0_f8,486,142,0.3014683127403259,0.2958784030665089,0.37,74.12159693349108
250,h0_f8,481,146,0.3002479076385498,0.29468062705706555,0.37,75.31937294293445
251,h0_f8,483,144,0.30195191502571106,0.29635303826321807,0.37,73.64696173678192
252,h0_f8,483,138,0.3185935914516449,0.3126861400757994,0.37,57.31385992420057
253,h0_f8,479,136,0.318731427192688,0.312821420028026,0.37,57.17857997197401
254,h0_f8,484,147,0.2919495105743408,0.2865361011894833,0.37,83.4638988105167
255,h0_f8,481,138,0.3168163597583771,0.31094186230908033,0.37,59.058137690919665
256,h0_f8,484,145,0.30283278226852417,0.29721757221953354,0.37,72.78242778046645
257,h0_f8,483,146,0.29552266001701355,0.2900429962969855,0.37,79.95700370301451
258,h0_f8,482,144,0.29934123158454895,0.2937907628437494,0.37,76.20923715625061
259,h0_f8,483,138,0.31638696789741516,0.3105204323519604,0.37,59.47956764803958
260,h0_f8,489,144,0.29601213335990906,0.2905233936884165,0.37,79.47660631158348
261,h0_f8,487,140,0.3175605535507202,0.3116722570522259,0.37,58.3277429477741
262,h0_f8,491,145,0.29264649748802185,0.28722016437709874,0.37,82.77983562290126
263,h0_f8,520,160,0.26767152547836304,0.2627082852755173,0.37,107.29171472448267
264,h0_f8,529,164,0.25982174277305603,0.2550040554340682,0.37,114.99594456593182
265,h0_f8,535,175,0.2666212022304535,0.2616774374146916,0.37,108.32256258530836
266,h0_f8,544,186,0.2577977776527405,0.2530176192404338,0.37,116.98238075956618
267,h0_f8,544,187,0.2445015013217926,0.2399678861796973,0.37,130.0321138203027
268,h0_f8,548,183,0.24719937145709991,0.2426157316532716,0.37,127.38426834672839
269,h0_f8,538,185,0.24742168188095093,0.24283391993513834,0.37,127.16608006486166
270,h0_f8,553,179,0.2602046728134155,0.255379885078643,0.37,114.62011492135699
271,h0_f8,549,184,0.26191776990890503,0.2570612174492126,0.37,112.93878255078738
272,h0_f8,572,160,0.30706748366355896,0.3013737525982842,0.37,68.6262474017158
273,h0_f8,579,179,0.2577468752861023,0.252967660719698,0.37,117.03233928030198
274,h0_f8,564,168,0.26513034105300903,0.2602142202016902,0.37,109.78577979830978
275,h0_f8,563,170,0.26411283016204834,0.25921557628192426,0.37,110.78442371807573
276,h0_f8,549,150,0.291081041097641,0.28568373511643835,0.37,84.31626488356164
277,h0_f8,540,148,0.3046450912952423,0.2989962769059868,0.37,71.00372309401321
278,h0_f8,541,146,0.3071269094944,0.3014320765387684,0.37,68.56792346123159
279,h0_f8,545,147,0.30762842297554016,0.30192429081683714,0.37,68.07570918316286
280,h0_f8,538,143,0.3278002142906189,0.32172205114210667,0.37,48.27794885789333
281,h0_f8,544,145,0.3005179464817047,0.2949456587645519,0.37,75.05434123544808
282,h0_f8,547,151,0.2941611111164093,0.2887066936164622,0.37,81.29330638353782
283,h0_f8,547,147,0.3167189359664917,0.31084624497636065,0.37,59.15375502363934
284,h0_f8,549,151,0.312689870595932,0.3068918876614723,0.37,63.1081123385277
285,h0_f8,549,145,0.31856194138526917,0.3126550768737963,0.37,57.3449231262037
286,h0_f8,551,147,0.31846675276756287,0.31256165327003166,0.37,57.43834672996834
287,h0_f8,551,145,0.3157515227794647,0.30989676983490666,0.37,60.103230165093336
288,h0_f8,548,147,0.3084498643875122,0.30273050083266834,0.37,67.26949916733166
289,h0_f8,548,143,0.3218085765838623,0.3158415120555485,0.37,54.158487944451494
290,h0_f8,550,143,0.32421499490737915,0.31820330989824736,0.37,51.79669010175264
291,h0_f8,546,145,0.3164283335208893,0.3105610309624881,0.37,59.43896903751189
292,h0_f8,551,144,0.32044973969459534,0.31450787109949063,0.37,55.492128900509364
293,h0_f8,553,142,0.3247804045677185,0.31875823557471034,0.37,51.24176442528966
294,h0_f8,551,143,0.32065773010253906,0.3147120048911855,0.37,55.28799510881449
295,h0_f8,547,148,0.29781612753868103,0.2922939377031571,0.37,77.7060622968429
296,h0_f8,553,166,0.295942485332489,0.2904550370941779,0.37,79.54496290582208
297,h0_f8,549,173,0.2906329333782196,0.2852439363355351,0.37,84.75606366446492
298,h0_f8,549,177,0.28472912311553955,0.2794495961720497,0.37,90.55040382795032
299,h0_f8,548,178,0.3064071536064148,0.3007256665655311,0.37,69.27433343446887
300,h0_f8,552,199,0.27499714493751526,0.2698980710521535,0.37,100.10192894784647
301,h0_f8,548,205,0.25743427872657776,0.25266086041290803,0.37,117.33913958709196
302,h0_f8,545,305,0.23450009524822235,0.23015192897156247,0.37,139.84807102843752
303,h0_f8,339,222,0.252501517534256,0.24781956385664347,0.37,122.18043614335653
304,h0_f8,325,233,0.2766667902469635,0.2715367573318374,0.37,98.4632426681626
305,h0_f8,321,240,0.2745845317840576,0.26949310868705595,0.37,100.50689131294405
306,h0_f8,309,248,0.28415802121162415,0.2788890837991812,0.37,91.11091620081879
307,h0_f8,310,245,0.25769099593162537,0.2529128174958224,0.37,117.0871825041776
308,h0_f8,307,240,0.26630958914756775,0.26137160234864176,0.37,108.62839765135823
309,h0_f8,309,242,0.2763114869594574,0.2711880421771467,0.37,98.81195782285329
310,h0_f8,304,248,0.27236127853393555,0.26731107961979156,0.37,102.68892038020844
311,h0_f8,308,248,0.2779911756515503,0.27283658561226853,0.37,97.16341438773146
312,h0_f8,316,252,0.27142706513404846,0.26639418866574954,0.37,103.60581133425045
313,h0_f8,317,254,0.31760910153388977,0.31171990484512907,0.37,58.28009515487093
313,h1_f8,378,302,0.344963401556015,0.33856699379447436,0.37,31.433006205525636
314,h0_f8,317,253,0.3194761872291565,0.3135523705158401,0.37,56.447629484159876
315,h0_f8,316,254,0.31627410650253296,0.3104096636645914,0.37,59.59033633540861
315,h1_f8,329,339,0.25674140453338623,0.2519808336865698,0.37,118.01916631343018
316,h0_f8,318,252,0.31838738918304443,0.31248376126726857,0.37,57.51623873273143
317,h0_f8,317,254,0.3108195960521698,0.30505629227078535,0.37,64.94370772921465
318,h0_f8,315,253,0.3152521848678589,0.3094066907863542,0.37,60.59330921364581
319,h0_f8,317,251,0.32379767298698425,0.3177937260774846,0.37,52.20627392251542
320,h0_f8,320,253,0.31853142380714417,0.3126251251611304,0.37,57.3748748388696
321,h0_f8,315,250,0.32820871472358704,0.32212297704592696,0.37,47.877022954073034
322,h0_f8,317,252,0.3218781054019928,0.3159097516509095,0.37,54.09024834909049
323,h0_f8,316,249,0.32729968428611755,0.32123080210477817,0.37,48.76919789522183
323,h1_f8,306,327,0.2655916213989258,0.2606669473585685,0.37,109.33305264143151
324,h0_f8,316,254,0.3187548816204071,0.31284443955719404,0.37,57.15556044280595
325,h0_f8,315,254,0.32042884826660156,0.314487367046191,0.37,55.51263295380898
326,h0_f8,316,244,0.3389492630958557,0.332664371169769,0.37,37.335628830231
327,h0_f8,310,243,0.30456864833831787,0.29892125137572495,0.37,71.07874862427505
328,h0_f8,308,242,0.30969738960266113,0.303954894086766,0.37,66.04510591323398
329,h0_f8,303,243,0.2810573875904083,0.2758459429927712,0.37,94.15405700722879
330,h0_f8,287,238,0.362285315990448,0.35556772045236823,0.37,14.432279547631765
331,h0_f8,287,234,0.28181809186935425,0.2765925420804645,0.37,93.40745791953547
332,h0_f8,275,231,0.29246535897254944,0.2870423845825836,0.37,82.95761541741642
332,h1_f8,310,245,0.2808253765106201,0.27561823392723966,0.37,94.38176607276033
333,h0_f8,265,214,0.29030635952949524,0.28492341791034625,0.37,85.07658208965374
334,h0_f8,268,212,0.2983245849609375,0.2927929671658461,0.37,77.20703283415392
335,h0_f8,267,208,0.2862773835659027,0.28096914834461606,0.37,89.03085165538394
336,h0_f8,252,201,0.30249524116516113,0.2968862898976054,0.37,73.11371010239459
337,h0_f8,254,199,0.261466383934021,0.2566182011991752,0.37,113.38179880082477
338,h0_f8,251,198,0.26990705728530884,0.26490236522717464,0.37,105.09763477282536
338,h1_f8,373,192,0.34215858578681946,0.335814185702832,0.37,34.185814297167994
339,h0_f8,253,189,0.29040443897247314,0.28501967873689277,0.37,84.98032126310723
340,h0_f8,256,194,0.28832700848579407,0.28298076854665416,0.37,87.01923145334584
340,h1_f8,255,205,0.2549513280391693,0.25022394929078917,0.37,119.77605070921082
341,h0_f8,251,194,0.28436949849128723,0.27909663980804594,0.37,90.90336019195405
342,h0_f8,254,196,0.2801631987094879,0.2749683344118838,0.37,95.03166558811621
343,h0_f8,253,190,0.29450175166130066,0.2890410179092079,0.37,80.9589820907921
344,h0_f8,254,179,0.31825393438339233,0.31235278102379394,0.37,57.64721897620606
345,h0_f8,251,176,0.29868578910827637,0.293147473764978,0.37,76.85252623502198
346,h0_f8,252,164,0.3553151786327362,0.34872682532873917,0.37,21.27317467126083
347,h0_f8,251,166,0.2819162607192993,0.2766888906561692,0.37,93.3111093438308
348,h0_f8,250,163,0.29289138317108154,0.28746050932141126,0.37,82.53949067858873
349,h0_f8,250,163,0.27440834045410156,0.2693201843459612,0.37,100.67981565403878
350,h0_f8,246,172,0.2598567008972168,0.2550383653549248,0.37,114.9616346450752
351,h0_f8,245,179,0.2929575443267822,0.28752544369848,0.37,82.47455630152001
352,h0_f8,250,186,0.282564252614975,0.27732486730509054,0.37,92.67513269490945
353,h0_f8,252,191,0.31404203176498413,0.3082189766803845,0.37,61.78102331961549
354,h0_f8,248,192,0.3160189986228943,0.3101592860665246,0.37,59.8407139334754
355,h0_f8,250,190,0.3157629668712616,0.3099080017271564,0.37,60.09199827284362
356,h0_f8,249,190,0.31707680225372314,0.3111974756069198,0.37,58.802524393080205
357,h0_f8,251,190,0.3079484701156616,0.30223840355347725,0.37,67.76159644652274
358,h0_f8,249,191,0.30803751945495605,0.3023258017150454,0.37,67.67419828495458
359,h0_f8,250,188,0.30836862325668335,0.30265076609758307,0.37,67.34923390241693
360,h0_f8,251,191,0.30214089155197144,0.2965385107339355,0.37,73.46148926606449
361,h0_f8,248,189,0.3178512156009674,0.3119575295655373,0.37,58.0424704344627
362,h0_f8,251,188,0.3153429627418518,0.3094957854316476,0.37,60.504214568352424
363,h0_f8,251,190,0.3045859634876251,0.29893824546269654,0.37,71.06175453730346
364,h0_f8,249,188,0.30968523025512695,0.3039429602012507,0.37,66.05703979874927
365,h0_f8,231,262,0.26103952527046204,0.2561992574682044,0.37,113.80074253179562
365,h1_f8,246,183,0.29968297481536865,0.29412616937611297,0.37,75.87383062388703
366,h0_f8,243,190,0.2938506007194519,0.2884019407900302,0.37,81.59805920996982
367,h0_f8,240,192,0.2481069415807724,0.24350647335816977,0.37,126.49352664183023
368,h0_f8,235,199,0.24656055867671967,0.2419887639179256,0.37,128.0112360820744
369,h0_f8,231,199,0.3024759292602539,0.296867336079434,0.37,73.132663920566
370,h0_f8,229,202,0.29893478751182556,0.29339185517056776,0.37,76.60814482943223
371,h0_f8,224,206,0.2824947237968445,0.2772566277097296,0.37,92.74337229027041
372,h0_f8,216,209,0.28054288029670715,0.275340975837044,0.37,94.65902416295602
373,h0_f8,212,209,0.28061410784721375,0.27541088266641073,0.37,94.58911733358927
373,h1_f8,209,228,0.2607578635215759,0.25592281837015185,0.37,114.07718162984814
374,h0_f8,214,212,0.2727545499801636,0.2676970589169983,0.37,102.3029410830017
375,h0_f8,213,213,0.2606758177280426,0.2558422938926428,0.37,114.1577061073572
376,h0_f8,206,212,0.2769033908843994,0.27176897085415663,0.37,98.23102914584337
376,h1_f8,193,277,0.27956622838974,0.27438243328257583,0.37,95.61756671742417
377,h0_f8,202,214,0.2786597013473511,0.2734927153178567,0.37,96.50728468214331
377,h1_f8,201,229,0.2638724148273468,0.25897961879552184,0.37,111.02038120447816
378,h0_f8,203,212,0.2754040062427521,0.27029738822140675,0.37,99.70261177859324
379,h0_f8,204,210,0.27723902463912964,0.2720983811940431,0.37,97.90161880595689
379,h1_f8,202,228,0.2543202340602875,0.24960455723276784,0.37,120.39544276723215
380,h0_f8,207,206,0.2908896505832672,0.2854958934184495,0.37,84.5041065815505
380,h1_f8,205,207,0.28831321001052856,0.2829672259265718,0.37,87.03277407342819
381,h0_f8,206,200,0.279629647731781,0.27444467668545974,0.37,95.55532331454025
382,h0_f8,208,198,0.2765238881111145,0.2713965049273129,0.37,98.60349507268712
383,h0_f8,209,197,0.2709839642047882,0.2659593038377055,0.37,104.0406961622945
384,h0_f8,198,203,0.317791223526001,0.31189864988038446,0.37,58.10135011961554
385,h0_f8,186,200,0.2734980583190918,0.26842678091659766,0.37,101.57321908340234
386,h0_f8,180,202,0.2712850570678711,0.26625481375280696,0.37,103.74518624719303
387,h0_f8,191,198,0.31766650080680847,0.3117762398046941,0.37,58.22376019530589
388,h0_f8,192,201,0.3090686500072479,0.30333781275657734,0.37,66.66218724342265
389,h0_f8,194,197,0.3091456890106201,0.30341342328122717,0.37,66.58657671877283
390,h0_f8,196,199,0.30515730381011963,0.29949899183332024,0.37,70.50100816667975
391,h0_f8,198,199,0.3094172775745392,0.3036799759741224,0.37,66.32002402587761
392,h0_f8,197,198,0.3111552596092224,0.30538573186039125,0.37,64.61426813960874
393,h0_f8,197,199,0.3101840317249298,0.304432512754854,0.37,65.567487245146
394,h0_f8,196,197,0.3136572241783142,0.3078413043034875,0.37,62.1586956965125
395,h0_f8,195,199,0.3091689646244049,0.30343626731207884,0.37,66.56373268792115
396,h0_f8,194,200,0.308013916015625,0.30230263593728035,0.37,67.69736406271964
397,h0_f8,196,201,0.30733054876327515,0.3016319398714309,0.37,68.36806012856911
398,h0_f8,197,202,0.3059062659740448,0.30023406653156987,0.37,69.76593346843013
399,h0_f8,194,200,0.30452629923820496,0.2988796875244571,0.37,71.1203124755429
400,h0_f8,194,201,0.30334773659706116,0.29772297812105175,0.37,72.27702187894825
401,h0_f8,195,199,0.3121868968009949,0.30639824014715294,0.37,63.60175985284705
402,h0_f8,196,200,0.3105751574039459,0.30481638607226386,0.37,65.18361392773613
403,h0_f8,196,197,0.3179822266101837,0.31208611133202113,0.37,57.91388866797887
404,h0_f8,197,197,0.3182900547981262,0.3123882316837071,0.37,57.61176831629289
405,h0_f8,200,196,0.3231814205646515,0.3171889003797246,0.37,52.811099620275414
406,h0_f8,197,194,0.32715460658073425,0.3210884144707374,0.37,48.91158552926262
407,h0_f8,195,194,0.27819788455963135,0.2730394616660292,0.37,96.96053833397077
408,h0_f8,191,192,0.2850055694580078,0.2797209165692071,0.37,90.27908343079288
409,h0_f8,196,193,0.2599608600139618,0.25514059312422893,0.37,114.85940687577106
410,h0_f8,187,199,0.2555367350578308,0.25079850152896976,0.37,119.20149847103023
411,h0_f8,182,199,0.23460081219673157,0.23025077839827587,0.37,139.74922160172412
412,h0_f8,182,203,0.23143957555294037,0.2271481582874653,0.37,142.8518417125347
413,h0_f8,185,203,0.3155496120452881,0.30969860298596946,0.37,60.301397014030535
414,h0_f8,181,203,0.31913572549819946,0.3132182217214108,0.37,56.781778278589215
415,h0_f8,182,204,0.32295459508895874,0.3169662807653687,0.37,53.03371923463129
416,h0_f8,182,204,0.32295459508895874,0.3169662807653687,0.37,53.03371923463129
417,h0_f8,184,203,0.2612427771091461,0.2563987405545146,0.37,113.60125944548538
418,h0_f8,183,205,0.25535252690315247,0.25061770901335634,0.37,119.38229098664365
419,h0_f8,180,208,0.2831569314002991,0.27790655647480483,0.37,92.09344352519516
420,h0_f8,182,205,0.300004780292511,0.2944420078461977,0.37,75.55799215380232
421,h0_f8,181,202,0.3032405972480774,0.2976178253798076,0.37,72.38217462019242
422,h0_f8,183,205,0.2684251070022583,0.263447893680274,0.37,106.55210631972601
423,h0_f8,176,202,0.31426307559013367,0.30843592184917673,0.37,61.56407815082326
424,h0_f8,183,203,0.3182966709136963,0.312394725121414,0.37,57.60527487858602
425,h0_f8,176,200,0.33632487058639526,0.33008864087937617,0.37,39.91135912062382
426,h0_f8,176,200,0.33632487058639526,0.33008864087937617,0.37,39.91135912062382
427,h0_f8,176,201,0.32927700877189636,0.3231714624875511,0.37,46.82853751244892
428,h0_f8,174,200,0.324908971786499,0.3188844188642033,0.37,51.115581135796674
429,h0_f8,171,197,0.2796231210231781,0.27443827099691104,0.37,95.56172900308896
430,h0_f8,166,199,0.2710883319377899,0.26606173635504543,0.37,103.93826364495456
431,h0_f8,155,197,0.25332117080688477,0.24862401888931068,0.37,121.37598111068931
432,h0_f8,155,196,0.25455471873283386,0.2498346940250096,0.37,120.16530597499039
433,h0_f8,153,198,0.2516102194786072,0.2469447924985379,0.37,123.05520750146209
434,h0_f8,144,190,0.3432501554489136,0.3368855151753078,0.37,33.114484824692205
435,h0_f8,139,192,0.2913097143173218,0.2859081682133971,0.37,84.0918317866029
436,h0_f8,133,192,0.2920372486114502,0.28662221236339785,0.37,83.37778763660214
437,h0_f8,140,188,0.3093860447406769,0.3036493222681908,0.37,66.3506777318092
438,h0_f8,144,190,0.3066084384918213,0.30092321917036097,0.37,69.07678082963903
439,h0_f8,144,188,0.30600565671920776,0.30033161434576994,0.37,69.66838565423006
440,h0_f8,143,188,0.30569157004356384,0.3000233515530099,0.37,69.97664844699008
441,h0_f8,145,187,0.314683198928833,0.3088482551435631,0.37,61.15174485643687
442,h0_f8,141,189,0.31103357672691345,0.3052663052560797,0.37,64.73369474392032
443,h0_f8,144,187,0.2951491177082062,0.2896763803140218,0.37,80.32361968597817
444,h0_f8,144,189,0.2920053005218506,0.2865908566642007,0.37,83.4091433357993
445,h0_f8,144,189,0.30136314034461975,0.2957751808067452,0.37,74.2248191932548
446,h0_f8,143,188,0.3035700023174286,0.29794112252833943,0.37,72.05887747166057
447,h0_f8,146,188,0.30261141061782837,0.29700030530382787,0.37,72.99969469617213
448,h0_f8,146,191,0.2965567409992218,0.29105790306073803,0.37,78.94209693926196
449,h0_f8,144,188,0.3202449679374695,0.314306896277491,0.37,55.69310372250902
450,h0_f8,147,186,0.3254167437553406,0.3193827755833461,0.37,50.6172244166539
451,h0_f8,145,188,0.32144561409950256,0.31548527972297197,0.37,54.514720277028026
452,h0_f8,142,188,0.3198380768299103,0.3139075498585183,0.37,56.09245014148168
453,h0_f8,146,189,0.31731873750686646,0.31143492482901164,0.37,58.56507517098836
454,h0_f8,143,189,0.3152019679546356,0.30935740500916464,0.37,60.64259499083535
455,h0_f8,144,189,0.32223203778266907,0.31625712131850775,0.37,53.74287868149224
456,h0_f8,146,186,0.3284270167350769,0.3223372312405343,0.37,47.66276875946568
457,h0_f8,145,190,0.309893935918808,0.3041477959862112,0.37,65.85220401378878
458,h0_f8,146,188,0.3128257393836975,0.30702523713221835,0.37,62.97476286778164
459,h0_f8,145,189,0.31960806250572205,0.3136818005241866,0.37,56.3181994758134
460,h0_f8,146,189,0.3193592429161072,0.31343759461691323,0.37,56.56240538308677
461,h0_f8,145,188,0.3177206516265869,0.3118293865448445,0.37,58.170613455155504
462,h0_f8,142,188,0.31700044870376587,0.31112253782581617,0.37,58.877462174183826
463,h0_f8,142,189,0.31707969307899475,0.3112003128297016,0.37,58.79968717029838
464,h0_f8,144,191,0.31485748291015625,0.30901930750261625,0.37,60.98069249738375
465,h0_f8,141,185,0.2981390655040741,0.29261088766257903,0.37,77.38911233742097
466,h0_f8,136,200,0.28494930267333984,0.2796656930989793,0.37,90.33430690102068
466,h1_f8,139,183,0.2998471260070801,0.29428727683057,0.37,75.71272316943
467,h0_f8,134,180,0.23602566123008728,0.2316492074828055,0.37,138.3507925171945
468,h0_f8,137,177,0.23835070431232452,0.23393113896668172,0.37,136.06886103331829
469,h0_f8,136,173,0.25707897543907166,0.2523121452582173,0.37,117.68785474178267
470,h0_f8,142,193,0.23234909772872925,0.22804081584898417,0.37,141.95918415101582
470,h1_f8,138,171,0.26022693514823914,0.25540173461903504,0.37,114.59826538096496
471,h0_f8,137,167,0.2658417224884033,0.26091241100377605,0.37,109.08758899622396
472,h0_f8,142,273,0.22637654840946198,0.22217901120770192,0.37,147.82098879229807
472,h1_f8,133,169,0.26324665546417236,0.25836546243727315,0.37,111.63453756272685
473,h0_f8,127,163,0.2809978723526001,0.2757875313031287,0.37,94.21246869687127
474,h0_f8,117,163,0.2994552552700043,0.2939026722701751,0.37,76.09732772982491
475,h0_f8,115,223,0.21918019652366638,0.21511609608896468,0.37,154.88390391103533
475,h1_f8,117,165,0.2664133608341217,0.2614734498715937,0.37,108.52655012840629
476,h0_f8,112,170,0.2520514130592346,0.24737780534454035,0.37,122.62219465545965
477,h0_f8,112,173,0.252225786447525,0.24754894545275166,0.37,122.45105454724833
478,h0_f8,114,175,0.2475559264421463,0.2429656752961771,0.37,127.03432470382289
479,h0_f8,120,196,0.23811645805835724,0.23370123617219515,0.37,136.29876382780483
479,h1_f8,119,176,0.2917785346508026,0.2863682955492836,0.37,83.63170445071638
480,h0_f8,142,185,0.25494393706321716,0.2502166953603779,0.37,119.78330463962212
481,h0_f8,143,184,0.31164878606796265,0.30587010721366065,0.37,64.12989278633935
482,h0_f8,144,183,0.3139617145061493,0.3081401486866006,0.37,61.85985131339938
483,h0_f8,142,183,0.32196906208992004,0.3159990217945193,0.37,54.00097820548072
483,h1_f8,135,206,0.2972574234008789,0.29174559321355914,0.37,78.25440678644085
484,h0_f8,143,182,0.32413527369499207,0.31812506689885145,0.37,51.87493310114854
485,h0_f8,142,182,0.31283557415008545,0.3070348895396205,0.37,62.965110460379506
486,h0_f8,144,185,0.309658020734787,0.3039162552074382,0.37,66.08374479256179
487,h0_f8,144,181,0.32262200117111206,0.31663985389686106,0.37,53.36014610313894
488,h0_f8,143,184,0.31444522738456726,0.30861469613415154,0.37,61.38530386584845
489,h0_f8,145,182,0.32673969864845276,0.320681199877246,0.37,49.31880012275397
490,h0_f8,144,182,0.32576319575309753,0.3197228035713749,0.37,50.2771964286251
491,h0_f8,144,181,0.3205259442329407,0.31458266263199725,0.37,55.41733736800275
492,h0_f8,142,179,0.32450148463249207,0.3184844874508427,0.37,51.515512549157314
493,h0_f8,144,183,0.3159253001213074,0.31006732494872996,0.37,59.93267505127003
494,h0_f8,145,185,0.31294894218444824,0.3071461554722193,0.37,62.8538445277807
495,h0_f8,144,184,0.3165360689163208,0.31066676869812027,0.37,59.33323130187973
496,h0_f8,144,182,0.31962934136390686,0.3137026848238384,0.37,56.2973151761616
497,h0_f8,145,180,0.3304901719093323,0.32436213081518017,0.37,45.63786918481982
498,h0_f8,142,184,0.32364970445632935,0.3176485012206619,0.37,52.35149877933809
499,h0_f8,143,185,0.31317320466041565,0.3073662596107068,0.37,62.6337403892932
500,h0_f8,144,183,0.31698542833328247,0.3111077959672384,0.37,58.892204032761576
501,h0_f8,144,183,0.3241630494594574,0.31815232763733253,0.37,51.84767236266746
502,h0_f8,145,184,0.3229033052921295,0.3169159419982807,0.37,53.08405800171928
503,h0_f8,145,182,0.31561708450317383,0.3097648243506918,0.37,60.23517564930819
504,h0_f8,144,184,0.3110249638557434,0.305257852087173,0.37,64.74214791282701
505,h0_f8,145,182,0.3221789300441742,0.3162049983185364,0.37,53.79500168146362
506,h0_f8,146,183,0.32129037380218506,0.31533291793461565,0.37,54.66708206538434
507,h0_f8,143,182,0.315975546836853,0.31011663997563893,0.37,59.88336002436107
508,h0_f8,146,181,0.317058265209198,0.3111792822814528,0.37,58.820717718547186
509,h0_f8,144,183,0.317759245634079,0.3118672649314679,0.37,58.132735068532114
510,h0_f8,145,184,0.3172253668308258,0.31134328545813045,0.37,58.65671454186955
511,h0_f8,145,182,0.3092145323753357,0.3034809901330419,0.37,66.51900986695807
512,h0_f8,144,182,0.30934950709342957,0.303613462112206,0.37,66.38653788779398
513,h0_f8,143,182,0.32333382964134216,0.31733848344473786,0.37,52.66151655526213
514,h0_f8,145,185,0.3200509250164032,0.3141164513544754,0.37,55.883548645524584
515,h0_f8,144,184,0.3160777986049652,0.31021699576290146,0.37,59.78300423709854
516,h0_f8,146,184,0.3162398934364319,0.3103760849867198,0.37,59.62391501328018
517,h0_f8,145,183,0.31629976630210876,0.31043484767299506,0.37,59.56515232700493
518,h0_f8,144,179,0.3217985928058624,0.3158317133995494,0.37,54.168286600450585
519,h0_f8,142,182,0.30557477474212646,0.29990872190268003,0.37,70.09127809731996
520,h0_f8,143,179,0.31322816014289856,0.307420196093281,0.37,62.57980390671902
521,h0_f8,137,179,0.30867359042167664,0.3029500784762066,0.37,67.04992152379342
522,h0_f8,104,197,0.3482270836830139,0.3417701598157236,0.37,28.229840184276377
523,h0_f8,82,216,0.3185390830039978,0.3126326423390163,0.37,57.36735766098372
523,h1_f8,98,196,0.2547696828842163,0.2500456722510442,0.37,119.95432774895582
524,h0_f8,79,209,0.32917696237564087,0.32307327117952417,0.37,46.92672882047583
525,h0_f8,37,234,0.33317670226097107,0.32699884677052266,0.37,43.00115322947734
525,h1_f8,72,204,0.26039308309555054,0.2555648018046919,0.37,114.43519819530812
526,h0_f8,66,201,0.2689976394176483,0.26400981003967366,0.37,105.99018996032633
527,h0_f8,60,193,0.29269543290138245,0.2872681924163541,0.37,82.7318075836459
528,h0_f8,58,179,0.337199866771698,0.3309474126409698,0.37,39.05258735903022
529,h0_f8,50,183,0.28991252183914185,0.28453688286847095,0.37,85.46311713152905
530,h0_f8,52,178,0.3041519820690155,0.298512311048789,0.37,71.487688951211
531,h0_f8,50,172,0.2772007882595062,0.2720608538040525,0.37,97.93914619594752
532,h0_f8,63,145,0.3534930944442749,0.34693852673432257,0.37,23.061473265677424
533,h0_f8,69,143,0.28955188393592834,0.28418293201400757,0.37,85.81706798599242
534,h0_f8,90,136,0.338239848613739,0.3319681108491636,0.37,38.031889150836385
535,h0_f8,87,135,0.3269181549549103,0.32085634719701517,0.37,49.143652802984825
536,h0_f8,86,137,0.32338640093803406,0.31739007994976004,0.37,52.60992005023996
537,h0_f8,86,139,0.32785576581954956,0.3217765726190689,0.37,48.223427380931106
538,h0_f8,86,140,0.32614558935165405,0.32009810672100053,0.37,49.90189327899947
539,h0_f8,87,138,0.3327924609184265,0.32662173013829426,0.37,43.37826986170573
540,h0_f8,85,140,0.3299861252307892,0.32386743031096243,0.37,46.13256968903756
541,h0_f8,87,143,0.3153175115585327,0.3094708061712797,0.37,60.529193828720295
542,h0_f8,87,139,0.3232748508453369,0.3172805982500446,0.37,52.719401749955374
543,h0_f8,88,141,0.31940212845802307,0.31347968496313033,0.37,56.52031503686966
544,h0_f8,85,138,0.3233257830142975,0.3173305860204998,0.37,52.6694139795002
545,h0_f8,87,137,0.3230133652687073,0.31702396121202614,0.37,52.976038787973856
546,h0_f8,85,140,0.31838080286979675,0.3124772970792811,0.37,57.52270292071887
547,h0_f8,86,137,0.33109286427497864,0.324953647890613,0.37,45.04635210938701
548,h0_f8,86,140,0.3270978033542633,0.32103266450556034,0.37,48.96733549443966
549,h0_f8,89,139,0.33163967728614807,0.3254903217421702,0.37,44.50967825782981
550,h0_f8,86,142,0.3272034823894501,0.32113638401055394,0.37,48.86361598944605
551,h0_f8,88,140,0.31966060400009155,0.31373336777948935,0.37,56.26663222051065
552,h0_f8,87,138,0.3231852948665619,0.31719270284324663,0.37,52.807297156753364
553,h0_f8,86,140,0.32724758982658386,0.3211796735952664,0.37,48.820326404733606
554,h0_f8,87,139,0.32854047417640686,0.3224485849222914,0.37,47.551415077708604
555,h0_f8,86,140,0.3323516547679901,0.326189097538644,0.37,43.810902461355994
556,h0_f8,85,139,0.33406949043273926,0.32787508061459825,0.37,42.124919385401746
557,h0_f8,84,139,0.33020079135894775,0.324078116039803,0.37,45.92188396019697
558,h0_f8,86,143,0.3246527910232544,0.31863298827623815,0.37,51.36701172376185
559,h0_f8,85,138,0.3276209831237793,0.3215461433296331,0.37,48.45385667036689
560,h0_f8,82,134,0.3344576060771942,0.3282559997103487,0.37,41.744000289651304
561,h0_f8,76,136,0.27498379349708557,0.26988496717786215,0.37,100.11503282213785
562,h0_f8,61,155,0.2687991261482239,0.2638149776587481,0.37,106.18502234125188
563,h0_f8,52,158,0.2822166085243225,0.2769836693282857,0.37,93.01633067171427
564,h0_f8,43,168,0.2675224840641022,0.2625620074287963,0.37,107.43799257120368
565,h0_f8,39,164,0.25016605854034424,0.24552740959583685,0.37,124.47259040416314
566,h0_f8,38,163,0.25509342551231384,0.2503634119528899,0.37,119.63658804711008
567,h0_f8,36,165,0.25209733843803406,0.24742287916213623,0.37,122.57712083786376
568,h0_f8,38,159,0.25626319646835327,0.25151149268907214,0.37,118.48850731092786
569,h0_f8,32,160,0.2365289330482483,0.23214314749431883,0.37,137.85685250568116
570,h0_f8,33,146,0.30685994029045105,0.3011700575523803,0.37,68.8299424476197
571,h0_f8,31,143,0.23799534142017365,0.23358236531255222,0.37,136.4176346874478
572,h0_f8,32,143,0.2334173321723938,0.2290892427911695,0.37,140.91075720883052
573,h0_f8,31,140,0.2457219660282135,0.2411657206885795,0.37,128.8342793114205
574,h0_f8,31,129,0.2725054621696472,0.26745258976225034,0.37,102.54741023774966
575,h0_f8,31,125,0.2816811501979828,0.27645813961982,0.37,93.54186038017997
576,h0_f8,39,113,0.2718333601951599,0.2667929500903342,0.37,103.20704990966578
577,h0_f8,40,113,0.2664750814437866,0.2615340260404718,0.37,108.46597395952817
578,h0_f8,38,113,0.26559126377105713,0.2606665963619357,0.37,109.33340363806433
579,h0_f8,32,116,0.269662082195282,0.26466193253370396,0.37,105.33806746629604
580,h0_f8,23,105,0.2976953387260437,0.2921753885904276,0.37,77.82461140957241
581,h0_f8,26,100,0.31286707520484924,0.3070658064930266,0.37,62.93419350697338
582,h0_f8,50,100,0.33795464038848877,0.3316881910345025,0.37,38.31180896549752
583,h0_f8,49,100,0.30298957228660583,0.29737145499329865,0.37,72.62854500670134
584,h0_f8,49,99,0.30382949113845825,0.29819579983515804,0.37,71.80420016484196
585,h0_f8,49,100,0.30608931183815,0.30041371830812663,0.37,69.58628169187337
586,h0_f8,52,105,0.3029881417751312,0.29737005100676744,0.37,72.62994899323255
587,h0_f8,52,104,0.3196794390678406,0.31375185360215035,0.37,56.24814639784964
588,h0_f8,53,102,0.3213166892528534,0.3153587454368461,0.37,54.641254563153886
589,h0_f8,50,102,0.31865954399108887,0.31275086970483235,0.37,57.249130295167646
590,h0_f8,49,102,0.3186860978603363,0.3127769312048181,0.37,57.22306879518191
591,h0_f8,54,101,0.32262948155403137,0.3166471955764305,0.37,53.35280442356949
592,h0_f8,49,103,0.3175974488258362,0.3117084682048435,0.37,58.2915317951565
593,h0_f8,49,102,0.311514675617218,0.3057384834763592,0.37,64.26151652364082
594,h0_f8,51,102,0.31075286865234375,0.304990802149048,0.37,65.00919785095199
595,h0_f8,53,104,0.32075947523117065,0.3148118634332182,0.37,55.188136566781786
596,h0_f8,50,100,0.32195380330085754,0.3159840459381863,0.37,54.0159540618137
597,h0_f8,50,104,0.3111124038696289,0.30534367076389357,0.37,64.65632923610643
598,h0_f8,52,103,0.31276240944862366,0.30696308147849266,0.37,63.03691852150733
599,h0_f8,52,103,0.31020691990852356,0.30445497653935344,0.37,65.54502346064656
600,h0_f8,53,100,0.3136312663555145,0.3078158277978898,0.37,62.1841722021102
601,h0_f8,51,102,0.32107800245285034,0.3151244844341689,0.37,54.87551556583109
602,h0_f8,50,100,0.322764128446579,0.3167793458086812,0.37,53.22065419131877
603,h0_f8,46,95,0.32105666399002075,0.31510354163507825,0.37,54.89645836492174
604,h0_f8,43,92,0.3277878761291504,0.32170994175827494,0.37,48.290058241725056
605,h0_f8,38,91,0.30520427227020264,0.29954508939109514,0.37,70.45491060890485
606,h0_f8,16,99,0.32780906558036804,0.3217307383087686,0.37,48.269261691231414
607,h0_f8,14,116,0.2953803241252899,0.2899032996371296,0.37,80.09670036287042
608,h0_f8,0,118,0.25621873140335083,0.2514678521077269,0.37,118.53214789227312
609,h0_f8,0,135,0.30941736698150635,0.30368006372328055,0.37,66.31993627671945
610,h0_f8,0,136,0.3096828758716583,0.3039406494734181,0.37,66.05935052658191
611,h0_f8,0,126,0.29112309217453003,0.28572500647051224,0.37,84.27499352948774
612,h0_f8,0,120,0.29304075241088867,0.2876071089150457,0.37,82.39289108495429
613,h0_f8,0,132,0.31791365146636963,0.312018807727681,0.37,57.981192272319014
614,h0_f8,0,89,0.31555160880088806,0.3097005627171693,0.37,60.299437282830716
615,h0_f8,0,79,0.24883665144443512,0.24422265273768676,0.37,125.77734726231324
616,h0_f8,0,83,0.23829640448093414,0.23387784597793432,0.37,136.12215402206567
617,h0_f8,0,79,0.29094555974006653,0.2855507658920445,0.37,84.44923410795552
618,h0_f8,0,63,0.26360875368118286,0.25872084652798716,0.37,111.27915347201284
619,h0_f8,0,89,0.316384881734848,0.31051838487160244,0.37,59.48161512839756
620,h0_f8,39,49,0.3356645405292511,0.32944055484662316,0.37,40.55944515337684
621,h0_f8,42,54,0.3070400357246399,0.3013468136067165,0.37,68.65318639328349
622,h0_f8,39,55,0.30814114212989807,0.30242750298940035,0.37,67.57249701059965
623,h0_f8,38,57,0.31083178520202637,0.30506825540602006,0.37,64.93174459397993
624,h0_f8,38,56,0.3118037283420563,0.30602217650482294,0.37,63.977823495177056
625,h0_f8,38,59,0.3119596838951111,0.3061752402864449,0.37,63.82475971355511
626,h0_f8,37,54,0.31741344928741455,0.3115278804372659,0.37,58.47211956273407
627,h0_f8,41,51,0.3371295630931854,0.33087841255290446,0.37,39.12158744709554
628,h0_f8,38,56,0.3293748199939728,0.32326746006662294,0.37,46.73253993337706
629,h0_f8,39,54,0.3191254436969757,0.31320813056821767,0.37,56.791869431782324
630,h0_f8,39,53,0.3208898901939392,0.31493986020531406,0.37,55.06013979468594
631,h0_f8,39,54,0.32293739914894104,0.3169494036772747,0.37,53.0505963227253
632,h0_f8,37,57,0.3175945281982422,0.3117056017323423,0.37,58.2943982676577
633,h0_f8,42,52,0.3165377676486969,0.3106684359321261,0.37,59.33156406787388
634,h0_f8,39,54,0.31489652395248413,0.30905762463503067,0.37,60.94237536496932
635,h0_f8,37,57,0.311185747385025,0.3054156543233378,0.37,64.58434567666221
636,h0_f8,39,57,0.31077566742897034,0.3050131781843893,0.37,64.98682181561072
637,h0_f8,25,48,0.29100534319877625,0.28560944082916156,0.37,84.39055917083843
638,h0_f8,28,51,0.2853207290172577,0.2800302323518656,0.37,89.96976764813441
639,h0_f8,32,52,0.26514115929603577,0.2602248378498326,0.37,109.77516215016742
640,h0_f8,72,77,0.3216918408870697,0.3157269409046574,0.37,54.27305909534258
641,h0_f8,74,84,0.2369357794523239,0.23254245003871238,0.37,137.4575499612876
642,h0_f8,81,88,0.2531515061855316,0.2484575002367646,0.37,121.54249976323538
643,h0_f8,107,87,0.20152592658996582,0.19778917656031836,0.37,172.21082343968163
644,h0_f8,108,88,0.1963055431842804,0.1926655909621213,0.37,177.3344090378787
645,h0_f8,108,87,0.20499560236930847,0.20119451664206264,0.37,168.80548335793736
646,h0_f8,100,81,0.21158236265182495,0.2076591433753259,0.37,162.3408566246741
647,h0_f8,102,74,0.2147621363401413,0.2107799568116035,0.37,159.2200431883965
648,h0_f8,122,55,0.3329118490219116,0.32673890451421195,0.37,43.26109548578805
649,h0_f8,126,51,0.2293422967195511,0.22508976778410608,0.37,144.91023221589393
650,h0_f8,131,52,0.22791478037834167,0.2236887208496901,0.37,146.3112791503099
651,h0_f8,145,54,0.23579439520835876,0.23142222966025897,0.37,138.57777033974102
652,h0_f8,167,56,0.33373579382896423,0.3275475715064728,0.37,42.45242849352721
653,h0_f8,165,56,0.2748654782772064,0.26976884579184285,0.37,100.23115420815715
654,h0_f8,166,55,0.2749221622943878,0.2698244787581423,0.37,100.1755212418577
655,h0_f8,166,54,0.2809068560600281,0.27569820266008016,0.37,94.30179733991983
656,h0_f8,165,55,0.280398428440094,0.27519920244711055,0.37,94.80079755288945
657,h0_f8,165,55,0.2816087007522583,0.2763870335519579,0.37,93.61296644804213
658,h0_f8,166,58,0.28102943301200867,0.2758185067559737,0.37,94.1814932440263
659,h0_f8,163,58,0.26723772287368774,0.26228252635992616,0.37,107.71747364007383
660,h0_f8,165,53,0.2686517536640167,0.2636703377963135,0.37,106.32966220368651
661,h0_f8,166,57,0.25887128710746765,0.25407122338295296,0.37,115.92877661704703
662,h0_f8,166,57,0.25887128710746765,0.25407122338295296,0.37,115.92877661704703
663,h0_f8,165,53,0.2790689468383789,0.273894372464662,0.37,96.10562753533802
664,h0_f8,167,57,0.2783566415309906,0.27319527492127477,0.37,96.80472507872523
665,h0_f8,164,54,0.28563013672828674,0.28033390293867977,0.37,89.66609706132023
666,h0_f8,168,54,0.28492471575737,0.279641562080474,0.37,90.35843791952597
667,h0_f8,170,54,0.2807522714138031,0.2755464843655506,0.37,94.45351563444937
668,h0_f8,186,56,0.3212447464466095,0.31528813661421373,0.37,54.711863385786266
669,h0_f8,192,56,0.24213650822639465,0.23764674544696496,0.37,132.35325455303504
670,h0_f8,209,71,0.23530466854572296,0.2309415836462131,0.37,139.0584163537869
671,h0_f8,212,72,0.23067812621593475,0.22640082795678693,0.37,143.59917204321306
672,h0_f8,210,72,0.22744518518447876,0.22322783302109916,0.37,146.77216697890083
673,h0_f8,216,71,0.23486833274364471,0.2305133385044729,0.37,139.4866614955271
673,h1_f8,232,81,0.22910821437835693,0.2248600258630762,0.37,145.13997413692377
674,h0_f8,229,75,0.23116016387939453,0.22687392754322752,0.37,143.12607245677248
675,h0_f8,229,74,0.22339016199111938,0.21924799920061305,0.37,150.75200079938693
676,h0_f8,231,70,0.24699394404888153,0.24241411333744514,0.37,127.58588666255486
677,h0_f8,231,70,0.23856757581233978,0.2341439891747579,0.37,135.8560108252421
678,h0_f8,236,62,0.3003269135951996,0.2947581680631958,0.37,75.24183193680418
679,h0_f8,246,63,0.23130272328853607,0.22701384357597898,0.37,142.986156424021
680,h0_f8,260,49,0.2780555486679077,0.27289976500617324,0.37,97.10023499382675
681,h0_f8,261,42,0.2503355145454407,0.2456937235003471,0.37,124.3062764996529
682,h0_f8,267,39,0.2509728968143463,0.2463192872491619,0.37,123.68071275083808
683,h0_f8,280,40,0.28805282711982727,0.28271167112817114,0.37,87.28832887182885
684,h0_f8,279,48,0.2779630422592163,0.27280897387715464,0.37,97.19102612284536
685,h0_f8,283,49,0.2637341022491455,0.25884387084778493,0.37,111.15612915221507
686,h0_f8,281,48,0.26433438062667847,0.2594330186959463,0.37,110.56698130405368
687,h0_f8,283,44,0.28068652749061584,0.2754819594845535,0.37,94.51804051544649
688,h0_f8,284,45,0.2786933481693268,0.27352573825105964,0.37,96.47426174894036
689,h0_f8,282,48,0.2723529636859894,0.2673029189480789,0.37,102.6970810519211
690,h0_f8,282,46,0.2749955952167511,0.2698965500667447,0.37,100.10344993325532
691,h0_f8,283,45,0.2832823693752289,0.2780296685437608,0.37,91.97033145623918
692,h0_f8,282,49,0.2777250409126282,0.27257538561802364,0.37,97.42461438197635
693,h0_f8,284,45,0.26816338300704956,0.26319102264450034,0.37,106.80897735549965
694,h0_f8,282,48,0.2661563754081726,0.2612212295412047,0.37,108.77877045879531
695,h0_f8,285,47,0.2634221017360687,0.2585376555353829,0.37,111.46234446461712
696,h0_f8,283,46,0.26456815004348755,0.25966245349492245,0.37,110.33754650507754
697,h0_f8,283,46,0.26816946268081665,0.263196989587258,0.37,106.80301041274198
698,h0_f8,281,48,0.2659752368927002,0.2610434497466895,0.37,108.95655025331047
699,h0_f8,284,43,0.26878637075424194,0.2638024587788448,0.37,106.1975412211552
700,h0_f8,283,40,0.2758048474788666,0.27069079694734116,0.37,99.30920305265883
701,h0_f8,291,44,0.23837028443813324,0.23395035603232772,0.37,136.04964396767227
702,h0_f8,317,69,0.24000856280326843,0.2355582569823428,0.37,134.4417430176572
703,h0_f8,327,75,0.2093445062637329,0.20546278194555537,0.37,164.53721805444462
704,h0_f8,336,78,0.21288816630840302,0.20894073445571093,0.37,161.05926554428908
705,h0_f8,337,80,0.20198024809360504,0.19823507390771666,0.37,171.76492609228333
706,h0_f8,348,82,0.20326203107833862,0.19949308971426502,0.37,170.506910285735
707,h0_f8,346,80,0.2151229828596115,0.21113411241410265,0.37,158.86588758589735
708,h0_f8,351,79,0.21542488038539886,0.21143041207162797,0.37,158.56958792837202
709,h0_f8,352,79,0.21251146495342255,0.2085710180024908,0.37,161.4289819975092
710,h0_f8,350,77,0.21393679082393646,0.20996991508253085,0.37,160.03008491746914
711,h0_f8,354,81,0.2148411124944687,0.21085746856801435,0.37,159.14253143198565
712,h0_f8,343,73,0.21949602663516998,0.21542606999030964,0.37,154.57393000969037
713,h0_f8,342,71,0.2486383318901062,0.2440280104799373,0.37,125.97198952006269
714,h0_f8,344,69,0.25835442543029785,0.2535639454993931,0.37,116.4360545006069
715,h0_f8,350,84,0.2801090478897095,0.2749151876717334,0.37,95.0848123282666
716,h0_f8,344,75,0.3197767734527588,0.3138473831857118,0.37,56.15261681428818
717,h0_f8,346,78,0.2747475206851959,0.26965307540245637,0.37,100.34692459754363
718,h0_f8,346,72,0.3266993761062622,0.3206416250068974,0.37,49.358374993102586
719,h0_f8,348,78,0.2822311222553253,0.2769979139416337,0.37,93.0020860583663
720,h0_f8,347,77,0.2863095998764038,0.2810007672912878,0.37,88.99923270871219
721,h0_f8,345,77,0.29493531584739685,0.28946654282704387,0.37,80.53345717295612
722,h0_f8,345,79,0.28798145055770874,0.2826416180502074,0.37,87.35838194979262
723,h0_f8,347,79,0.28379958868026733,0.2785372974239535,0.37,91.4627025760465
724,h0_f8,342,83,0.28382736444473267,0.2785645581624346,0.37,91.4354418375654
725,h0_f8,340,87,0.28328627347946167,0.27803350025700224,0.37,91.96649974299775
726,h0_f8,341,94,0.2763959765434265,0.27127096513164667,0.37,98.72903486835332
727,h0_f8,346,94,0.2803495526313782,0.27515123290729404,0.37,94.84876709270596
728,h0_f8,344,97,0.276862770318985,0.271729103486614,0.37,98.27089651338599
729,h0_f8,340,95,0.2827863395214081,0.2775428362140618,0.37,92.4571637859382
730,h0_f8,341,92,0.28662538528442383,0.2813106973180537,0.37,88.6893026819463
731,h0_f8,340,89,0.27774494886398315,0.27259492443058303,0.37,97.40507556941697
732,h0_f8,369,87,0.33104443550109863,0.32490611709658745,0.37,45.09388290341254
733,h0_f8,376,88,0.23560942709445953,0.23124069127680083,0.37,138.75930872319915
734,h0_f8,379,87,0.23634064197540283,0.23195834776714755,0.37,138.04165223285244
735,h0_f8,390,86,0.2354907989501953,0.23112426276872783,0.37,138.87573723127215
736,h0_f8,397,69,0.3120717704296112,0.3062852484811095,0.37,63.7147515188905
737,h0_f8,404,68,0.23883368074893951,0.2344051599192834,0.37,135.5948400807166
738,h0_f8,402,66,0.23982100188732147,0.23537417387329684,0.37,134.62582612670315
739,h0_f8,401,62,0.2278931438922882,0.22366748555340546,0.37,146.33251444659453
740,h0_f8,398,58,0.23086796700954437,0.22658714866936702,0.37,143.41285133063298
741,h0_f8,399,60,0.22055824100971222,0.2164685884891761,0.37,153.5314115108239
742,h0_f8,411,53,0.2257072776556015,0.22152215025912877,0.37,148.47784974087122
743,h0_f8,415,50,0.2373884916305542,0.23298676790126305,0.37,137.01323209873695
744,h0_f8,418,49,0.238534078001976,0.23411111249015193,0.37,135.88888750984808
745,h0_f8,413,46,0.27785786986351013,0.2727057516173909,0.37,97.29424838260908
746,h0_f8,410,46,0.27865681052207947,0.27348987809507486,0.37,96.51012190492514
747,h0_f8,410,46,0.2659010887145996,0.2609706764448215,0.37,109.02932355517846
748,h0_f8,406,47,0.2678200900554657,0.26285409512672797,0.37,107.14590487327203
749,h0_f8,407,45,0.28010815382003784,0.2749143101801514,0.37,95.08568981984861
750,h0_f8,406,45,0.2835923135280609,0.2783338656255242,0.37,91.66613437447579
751,h0_f8,407,45,0.27187520265579224,0.26683401669637224,0.37,103.16598330362775
752,h0_f8,409,44,0.2706435024738312,0.26562515504327616,0.37,104.37484495672383
753,h0_f8,409,44,0.28028619289398193,0.2750890480038489,0.37,94.91095199615107
754,h0_f8,407,45,0.2812865972518921,0.2760709025846791,0.37,93.92909741532091
755,h0_f8,408,45,0.2796545922756195,0.2744691587005978,0.37,95.5308412994022
756,h0_f8,407,47,0.2800340950489044,0.27484162462744155,0.37,95.15837537255845
757,h0_f8,408,48,0.2643650472164154,0.2594631166572092,0.37,110.53688334279077
758,h0_f8,438,40,0.3372102379798889,0.3309575915433211,0.37,39.04240845667889
759,h0_f8,448,40,0.2577855587005615,0.25300562685547967,0.37,116.99437314452032
760,h0_f8,489,54,0.34542810916900635,0.3390230846690837,0.37,30.976915330916288
761,h0_f8,488,57,0.2253250926733017,0.221147051857539,0.37,148.852948142461
762,h0_f8,492,58,0.22711750864982605,0.22290623235629256,0.37,147.09376764370742
763,h0_f8,496,59,0.24775630235671997,0.24316233578456523,0.37,126.83766421543477
764,h0_f8,504,65,0.2267443984746933,0.22254004049426016,0.37,147.45995950573985
765,h0_f8,504,64,0.2292679101228714,0.22501676048448285,0.37,144.98323951551714
766,h0_f8,495,58,0.23901142179965973,0.23457960524578697,0.37,135.42039475421302
767,h0_f8,497,57,0.2460058033466339,0.2414442950161482,0.37,128.5557049838518
768,h0_f8,492,56,0.2410196214914322,0.2365505683378586,0.37,133.4494316621414
769,h0_f8,484,53,0.21930332481861115,0.2152369413046671,0.37,154.7630586953329
770,h0_f8,457,48,0.32422390580177307,0.318212055564348,0.37,51.78794443565199
771,h0_f8,458,49,0.27325692772865295,0.2681901214369296,0.37,101.80987856307038
772,h0_f8,460,50,0.2720334529876709,0.26698933270638797,0.37,103.01066729361203
773,h0_f8,457,51,0.291971892118454,0.286558067728753,0.37,83.44193227124703
774,h0_f8,457,47,0.297608882188797,0.2920905351544472,0.37,77.90946484555278
775,h0_f8,459,50,0.29249104857444763,0.2870675978407066,0.37,82.93240215929337
776,h0_f8,457,49,0.29619649052619934,0.2907043324526269,0.37,79.2956675473731
777,h0_f8,461,50,0.2896067202091217,0.2842367514977042,0.37,85.76324850229578
778,h0_f8,460,50,0.28986960649490356,0.2844947632725345,0.37,85.50523672746552
779,h0_f8,456,51,0.27332836389541626,0.2682602330143322,0.37,101.73976698566779
780,h0_f8,457,48,0.27773207426071167,0.2725822885518021,0.37,97.41771144819789
780,h1_f8,461,47,0.281864196062088,0.27663779139637684,0.37,93.36220860362316
781,h0_f8,459,48,0.29764196276664734,0.29212300234298155,0.37,77.87699765701845
782,h0_f8,480,44,0.33591631054878235,0.32968765647611714,0.37,40.31234352388285
783,h0_f8,495,44,0.2865307033061981,0.28121777095951883,0.37,88.78222904048117
784,h0_f8,502,43,0.2830362617969513,0.2777881243609529,0.37,92.2118756390471
785,h0_f8,522,42,0.2824937403202057,0.27725566246898936,0.37,92.74433753101063
786,h0_f8,547,51,0.3513734042644501,0.3448581404419743,0.37,25.14185955802567
787,h0_f8,558,51,0.2586725950241089,0.253876215503711,0.37,116.12378449628902
788,h0_f8,564,54,0.2537718713283539,0.24906636239580182,0.37,120.93363760419817
789,h0_f8,563,54,0.2562451958656311,0.25149382585855434,0.37,118.50617414144565
790,h0_f8,575,58,0.26724833250045776,0.26229293926003266,0.37,107.70706073996733
791,h0_f8,582,60,0.22601273655891418,0.22182194525812243,0.37,148.17805474187756
792,h0_f8,596,60,0.23440758883953094,0.23006113784254384,0.37,139.93886215745616
793,h0_f8,600,59,0.23203040659427643,0.22772803397457678,0.37,142.2719660254232
794,h0_f8,613,57,0.22963950037956238,0.22538146061082584,0.37,144.61853938917415
795,h0_f8,604,54,0.25119641423225403,0.24653866014466436,0.37,123.46133985533564
796,h0_f8,590,48,0.28925448656082153,0.2838910490641117,0.37,86.10895093588827
797,h0_f8,584,48,0.2301062047481537,0.22583951121663495,0.37,144.16048878336505
798,h0_f8,579,46,0.26503777503967285,0.2601233705732328,0.37,109.87662942676718
799,h0_f8,582,49,0.3029387593269348,0.29732158422172106,0.37,72.67841577827893
800,h0_f8,578,46,0.31692591309547424,0.31104938427759593,0.37,58.950615722404066
801,h0_f8,578,44,0.31145891547203064,0.30568375725136115,0.37,64.31624274863884
802,h0_f8,577,48,0.3055553138256073,0.2998896218359116,0.37,70.11037816408839
803,h0_f8,579,45,0.310881644487381,0.30511719018657685,0.37,64.88280981342315
804,h0_f8,580,53,0.29438546299934387,0.28892688550410783,0.37,81.07311449589216
805,h0_f8,578,46,0.31767192482948303,0.31178156325362494,0.37,58.218436746375055
806,h0_f8,577,51,0.30769088864326477,0.30198559822870025,0.37,68.01440177129975
807,h0_f8,576,48,0.2916735112667084,0.2862652195381169,0.37,83.73478046188309
808,h0_f8,580,51,0.27913931012153625,0.27396343105216614,0.37,96.03656894783386
809,h0_f8,575,49,0.2968025505542755,0.29129915474635193,0.37,78.70084525364807
810,h0_f8,578,47,0.3008246421813965,0.29524666762690066,0.37,74.75333237309934
811,h0_f8,577,46,0.32378509640693665,0.3177813826958976,0.37,52.21861730410238
812,h0_f8,599,51,0.30157968401908875,0.29598770926790796,0.37,74.01229073209204
813,h0_f8,605,61,0.26494666934013367,0.26003395418102604,0.37,109.96604581897395
814,h0_f8,616,69,0.25704023241996765,0.25227412062299687,0.37,117.72587937700312
815,h0_f8,612,75,0.24493639171123505,0.24039471271004656,0.37,129.60528728995342
816,h0_f8,621,81,0.23826654255390167,0.2338485377590952,0.37,136.1514622409048
817,h0_f8,619,81,0.283018559217453,0.27777075002762913,0.37,92.22924997237087
818,h0_f8,622,93,0.2823353707790375,0.277100229460096,0.37,92.899770539904
819,h0_f8,616,101,0.24963746964931488,0.24500862194769296,0.37,124.99137805230703
820,h0_f8,631,105,0.24747341871261597,0.2428846974480173,0.37,127.1153025519827
821,h0_f8,609,180,0.23118987679481506,0.22690308951346966,0.37,143.09691048653033
822,h0_f8,614,113,0.25604698061943054,0.25129928597482276,0.37,118.70071402517723
823,h0_f8,614,111,0.24391396343708038,0.23939124258657957,0.37,130.60875741342042
824,h0_f8,611,110,0.2491016834974289,0.24448277049231387,0.37,125.51722950768612
825,h0_f8,609,102,0.2606886923313141,0.2558549297714237,0.37,114.14507022857629
826,h0_f8,579,97,0.3492668867111206,0.342790682525601,0.37,27.209317474398976
827,h0_f8,578,98,0.29726818203926086,0.29175615236226266,0.37,78.24384763773735
828,h0_f8,576,96,0.3022579252719879,0.2966533743820206,0.37,73.34662561797938
829,h0_f8,579,95,0.30337923765182495,0.29775389507445793,0.37,72.24610492554207
830,h0_f8,576,97,0.3063013255596161,0.30062180081194056,0.37,69.37819918805943
831,h0_f8,575,95,0.2952549159526825,0.28978021681789295,0.37,80.21978318210704
832,h0_f8,577,96,0.2909347414970398,0.28554014824390217,0.37,84.45985175609782
833,h0_f8,576,94,0.2881034314632416,0.2827613371517129,0.37,87.23866284828708
834,h0_f8,574,100,0.28443989157676697,0.27916572764526953,0.37,90.83427235473046
835,h0_f8,574,98,0.3142656683921814,0.30843846657476454,0.37,61.56153342523546
836,h0_f8,577,100,0.3050318658351898,0.29937587976436425,0.37,70.62412023563574
837,h0_f8,576,101,0.3109622299671173,0.30519628142783534,0.37,64.80371857216466
838,h0_f8,578,93,0.32500702142715454,0.3189806504410304,0.37,51.01934955896959
839,h0_f8,579,103,0.30997779965400696,0.3042301046966037,0.37,65.76989530339628
840,h0_f8,596,132,0.2875059247016907,0.2821749095274558,0.37,87.82509047254422
